sgRNA Context Sequence,sgRNA 'Cut' Position
TGCAGTAATTCCTGGTCAGCCTTTAGGTCT,12483524.0
CCCTCTGTTAGCTGCAGTAATTCCTGGTCA,12483536.0
GATGTGATGATGGATGTTGAATTTTGGACT,12483623.0
GATTCATGGTGCTAGATGTGATGATGGATG,12483637.0
GGCAAATACTGCTGGAGAGATTCATGGTGC,12483655.0
CCACACAGACTAAGCAGGAGGCAAAGGAGG,12483700.0
GTTCCACCACACAGACTAAGCAGGAGGCAA,12483706.0
TTTCTCCTGACCTGGTTATTTTAAAGGAGC,12483782.0
AGGAAGTGTAAGTTTCTCCTGACCTGGTTA,12483794.0
TGAAAAATGGGCCATCAGAATTACGGGAGA,12483845.0
CTGAGCTTGAGTTTACTGAAAAATGGGCCA,12483861.0
CCTGTGCAGTTAAGGGACAATAGGCGGCAG,12483960.0
CTGCCTGTGCAGTTAAGGGACAATAGGCGG,12483963.0
GTGCCCAGACTGCCTGTGCAGTTAAGGGAC,12483972.0
AGGACGTTTTCTCTGGCAGACACCTGGCCA,12484013.0
GGGAACTTGCAAGGACGTTTTCTCTGGCAG,12484024.0
GCTGCAGCATGCGGGGAACTTGCAAGGACG,12484037.0
CACCTGTGTACGCTGCAGCATGCGGGGAAC,12484048.0
GCACCTGTGTACGCTGCAGCATGCGGGGAA,12484049.0
CGCACCTGTGTACGCTGCAGCATGCGGGGA,12484050.0
GGCGACCGACAGGACTTTATTAAATGGCCC,12484129.0
GATGGGATGTTTGAGGCGACCGACAGGACT,12484143.0
GGCCCTCGGTGGATGGGATGTTTGAGGCGA,12484154.0
TAGAATCTTCGGCCCTCGGTGGATGGGATG,12484164.0
CTAGAATCTTCGGCCCTCGGTGGATGGGAT,12484165.0
AGACCTAGAATCTTCGGCCCTCGGTGGATG,12484169.0
GAGAGACCTAGAATCTTCGGCCCTCGGTGG,12484172.0
GAGGTGGGAGAGACCTAGAATCTTCGGCCC,12484179.0
ATGTCACATAGTCACGTGGGAGGTGGGAGA,12484198.0
AATGTCACATAGTCACGTGGGAGGTGGGAG,12484199.0
TCAAATGTCACATAGTCACGTGGGAGGTGG,12484202.0
CCGTCAAATGTCACATAGTCACGTGGGAGG,12484205.0
CCCGTCAAATGTCACATAGTCACGTGGGAG,12484206.0
CTGCCACTGCGGAGTATGAGGCGGAGGCTG,12484320.0
GCTCTGCCACTGCGGAGTATGAGGCGGAGG,12484323.0
CCAGCTCTGCCACTGCGGAGTATGAGGCGG,12484326.0
TGCGCCTGCGCACGGCCGGCTGGCGGGTGT,12484364.0
GTGCGCCTGCGCACGGCCGGCTGGCGGGTG,12484365.0
GGAGTGCGCCTGCGCACGGCCGGCTGGCGG,12484368.0
TGGCGGAGTGCGCCTGCGCACGGCCGGCTG,12484372.0
CGCAGAGCTCCCGTCGGGACTTGGCGGAGT,12484393.0
AGCCGCAGAGCTCCCGTCGGGACTTGGCGG,12484396.0
GTGCGCAGCCGCAGAGCTCCCGTCGGGACT,12484402.0
AGTGCGCAGCCGCAGAGCTCCCGTCGGGAC,12484403.0
GGACACCGCTGCCGTCAAGCAGTGCGGCCG,12484445.0
ACCCCGGCAACGCCGGCCGTGGGGCGGACA,12484470.0
GTTACCCCGGCAACGCCGGCCGTGGGGCGG,12484473.0
CGTTACCCCGGCAACGCCGGCCGTGGGGCG,12484474.0
CCGTTACCCCGGCAACGCCGGCCGTGGGGC,12484475.0
CGCTCGCCGTTACCCCGGCAACGCCGGCCG,12484481.0
GGCCCCACGCGCTCGCCGTTACCCCGGCAA,12484490.0
CTCGCCCAGGGCCCTTACCTTTCTTGGCCC,12484515.0
AAAGGGCCGCGCTTTCCTCGCCCAGGGCCC,12484531.0
GAAAGGGCCGCGCTTTCCTCGCCCAGGGCC,12484532.0
CGCTGCAAAACACCAAACTCGGAAAGGGCC,12484553.0
CCTTTCGCTGCAAAACACCAAACTCGGAAA,12484558.0
TCCTCTCTCGCCCTGGAGGACTTTCGGAAG,12484598.0
CCTAGGCCCTTTCCTCTCTCGCCCTGGAGG,12484609.0
TCCCCGTCCCGGCACTGTCTCGGCCGGCTG,12484657.0
TGGCTCCCCGTCCCGGCACTGTCTCGGCCG,12484661.0
ACTCGGAAGCCTGGCTCCCCGTCCCGGCAC,12484672.0
AGTGACCGGGCGCACTCGGAAGCCTGGCTC,12484685.0
GAGGAGTCAGTGACCGGGCGCACTCGGAAG,12484693.0
GAAAGCGCGGAGGAGTCAGTGACCGGGCGC,12484702.0
GGAAAGCGCGGAGGAGTCAGTGACCGGGCG,12484703.0
TGCAGGCGCACGAGGAAAGCGCGGAGGAGT,12484716.0
GGCTGCAGGCGCACGAGGAAAGCGCGGAGG,12484719.0
AGAACCAAGGGCTGCAGGCGCACGAGGAAA,12484728.0
GGCGCCGGCGTTTCCAAGAACCAAGGGCTG,12484744.0
CCCCACCAGCCCTGAACAAGGCGCCGGCGT,12484763.0
CCACACCCGACCGAACTCCACCAGAGGCTG,12484834.0
AACTGCGCACCCCAACAGCGTTAGGGGCCC,12484916.0
AAACTGCGCACCCCAACAGCGTTAGGGGCC,12484917.0
TAAACTGCGCACCCCAACAGCGTTAGGGGC,12484918.0
GCGTTTCGTTCGGGGCCTACCACGTGGAAA,12484978.0
ATTTTGCAGAAGGCGTTTCGTTCGGGGCCT,12484990.0
AATTTTGCAGAAGGCGTTTCGTTCGGGGCC,12484991.0
TAATTTTGCAGAAGGCGTTTCGTTCGGGGC,12484992.0
GACCAGCCTTTGAAAGTTGTTGTCAGGATT,12485029.0
TGGGCTTAGGGAGGCAAGGATGAAAGGCAC,12485126.0
GCACCTCCTGGGCTTAGGGAGGCAAGGATG,12485134.0
TCTGCGCACCTCCTGGGCTTAGGGAGGCAA,12485139.0
TCAAGCTCCATCTGCGCACCTCCTGGGCTT,12485149.0
TTCAAGCTCCATCTGCGCACCTCCTGGGCT,12485150.0
CCTGGACTAGGTGCCAAACAAACCTGGTTA,12485228.0
TTAATTTTCCAACCTTCCTGGACTAGGTGC,12485244.0
CTCCATTTAATTTTCCAACCTTCCTGGACT,12485250.0
CACAGGCTAACACCTCTTAGGTGATGGTAA,12485314.0
CGAGCACACAGGCTAACACCTCTTAGGTGA,12485320.0
TTCTTATTCTTCCCTCGAGCACACAGGCTA,12485335.0
TGTGGAAAGTGACTCGGAGGGGCCGGGCGC,12485458.0
ATGTGGAAAGTGACTCGGAGGGGCCGGGCG,12485459.0
ACAGATGTGGAAAGTGACTCGGAGGGGCCG,12485463.0
TACAGATGTGGAAAGTGACTCGGAGGGGCC,12485464.0
GTACAGATGTGGAAAGTGACTCGGAGGGGC,12485465.0
ATTGTACAGATGTGGAAAGTGACTCGGAGG,12485468.0
GGAAGGCAAGAAGTCTCCTGGAAGAGGTGA,12483495.0
TGAGCTGAGACCTAAAGGCTGACCAGGAAT,12483529.0
ACCAGGAATTACTGCAGCTAACAGAGGGGA,12483550.0
CAGGAATTACTGCAGCTAACAGAGGGGAGG,12483552.0
GAATTACTGCAGCTAACAGAGGGGAGGGAA,12483555.0
GAGGCAACAGCATGCGTGAAGGAATGGAGG,12483589.0
GCAACAGCATGCGTGAAGGAATGGAGGCAA,12483592.0
CCTTTGCCTCCTGCTTAGTCTGTGTGGTGG,12483715.0
TTGCCTCCTGCTTAGTCTGTGTGGTGGAAC,12483718.0
GGTGGAACTCCTGTGATTCATATTTGGGAA,12483740.0
GTGGAACTCCTGTGATTCATATTTGGGAAA,12483741.0
GAAAGTATATATTGGACTCCCCACAGGGCT,12483767.0
AAAGTATATATTGGACTCCCCACAGGGCTC,12483768.0
GGGCTCCTTTAAAATAACCAGGTCAGGAGA,12483792.0
TTTGCTCATCTCCCGTAATTCTGATGGCCC,12483849.0
CCGCCTATTGTCCCTTAACTGCACAGGCAG,12483975.0
TGTCCCTTAACTGCACAGGCAGTCTGGGCA,12483983.0
GAGAAAGATGAGATCAGTTTCCTCAGGGCC,12484116.0
CAGGGCCATTTAATAAAGTCCTGTCGGTCG,12484139.0
TCGCCTCAAACATCCCATCCACCGAGGGCC,12484166.0
CGCCTCAAACATCCCATCCACCGAGGGCCG,12484167.0
CATCCACCGAGGGCCGAAGATTCTAGGTCT,12484181.0
TCTCATCTGTAAAATGCGTCTTGCAGGATC,12484256.0
AAAATGCGTCTTGCAGGATCGTTCTGGCTT,12484266.0
CAGCCTCCGCCTCATACTCCGCAGTGGCAG,12484332.0
CCTCATACTCCGCAGTGGCAGAGCTGGCGC,12484341.0
CTGGCGCACAGAACACCCGCCAGCCGGCCG,12484364.0
CAGGCGCACTCCGCCAAGTCCCGACGGGAG,12484398.0
AGGCGCACTCCGCCAAGTCCCGACGGGAGC,12484399.0
CGCCAAGTCCCGACGGGAGCTCTGCGGCTG,12484409.0
ACGGGAGCTCTGCGGCTGCGCACTCGGCTG,12484421.0
GAGCTCTGCGGCTGCGCACTCGGCTGGCTT,12484425.0
CGGCTGCGCACTCGGCTGGCTTTGCGGCCG,12484433.0
TGGCTTTGCGGCCGCACTGCTTGACGGCAG,12484449.0
TGCGGCCGCACTGCTTGACGGCAGCGGTGT,12484455.0
TTGACGGCAGCGGTGTCCGCCCCACGGCCG,12484469.0
CGGCAGCGGTGTCCGCCCCACGGCCGGCGT,12484473.0
TGTCCGCCCCACGGCCGGCGTTGCCGGGGT,12484482.0
GTCCGCCCCACGGCCGGCGTTGCCGGGGTA,12484483.0
TCCGCCCCACGGCCGGCGTTGCCGGGGTAA,12484484.0
CCACGGCCGGCGTTGCCGGGGTAACGGCGA,12484490.0
GTTGCCGGGGTAACGGCGAGCGCGTGGGGC,12484501.0
TTGCCGGGGTAACGGCGAGCGCGTGGGGCC,12484502.0
TGCCGGGGTAACGGCGAGCGCGTGGGGCCA,12484503.0
ACGGCGAGCGCGTGGGGCCAAGAAAGGTAA,12484513.0
GAGCGCGTGGGGCCAAGAAAGGTAAGGGCC,12484518.0
GGGGCCAAGAAAGGTAAGGGCCCTGGGCGA,12484526.0
CAAGAAAGGTAAGGGCCCTGGGCGAGGAAA,12484531.0
TAAGGGCCCTGGGCGAGGAAAGCGCGGCCC,12484540.0
GGAAAGCGCGGCCCTTTCCGAGTTTGGTGT,12484556.0
CCGAGTTTGGTGTTTTGCAGCGAAAGGAAA,12484573.0
ATCTCGCTCTTCCGAAAGTCCTCCAGGGCG,12484602.0
TCTCGCTCTTCCGAAAGTCCTCCAGGGCGA,12484603.0
TCCGAAAGTCCTCCAGGGCGAGAGAGGAAA,12484612.0
GAGGAAAGGGCCTAGGTACTGTGCTGGGGT,12484635.0
GGTACTGTGCTGGGGTCGCACAGCCGGCCG,12484649.0
TCGCACAGCCGGCCGAGACAGTGCCGGGAC,12484664.0
CAGCCGGCCGAGACAGTGCCGGGACGGGGA,12484669.0
GCCGGCCGAGACAGTGCCGGGACGGGGAGC,12484671.0
GGGAGCCAGGCTTCCGAGTGCGCCCGGTCA,12484695.0
CTTTCCTCGTGCGCCTGCAGCCCTTGGTTC,12484739.0
GCAGCCCTTGGTTCTTGGAAACGCCGGCGC,12484755.0
CTTGGAAACGCCGGCGCCTTGTTCAGGGCT,12484768.0
TTGGAAACGCCGGCGCCTTGTTCAGGGCTG,12484769.0
AAACGCCGGCGCCTTGTTCAGGGCTGGTGG,12484773.0
CGCCGGCGCCTTGTTCAGGGCTGGTGGGGC,12484776.0
GCCGGCGCCTTGTTCAGGGCTGGTGGGGCT,12484777.0
CCTTGTTCAGGGCTGGTGGGGCTGGGGCGC,12484784.0
ATGCCCGAGAGGAGCCGCAGCCTCTGGTGG,12484829.0
GGAGCCGCAGCCTCTGGTGGAGTTCGGTCG,12484839.0
CCGCAGCCTCTGGTGGAGTTCGGTCGGGTG,12484843.0
CGCAGCCTCTGGTGGAGTTCGGTCGGGTGT,12484844.0
CCTCTGGTGGAGTTCGGTCGGGTGTGGGGG,12484849.0
CTCTGGTGGAGTTCGGTCGGGTGTGGGGGT,12484850.0
TCTGGTGGAGTTCGGTCGGGTGTGGGGGTA,12484851.0
TTCGGTCGGGTGTGGGGGTAGTCAAGGAAA,12484861.0
GGGGGTAGTCAAGGAAAGAAGCAAAGGGGT,12484874.0
AGGAAAGAAGCAAAGGGGTAAGACAGGGAG,12484885.0
GGAAAGAAGCAAAGGGGTAAGACAGGGAGT,12484886.0
GGGGTAAGACAGGGAGTTAGGAATTGGCGG,12484899.0
GTAAGACAGGGAGTTAGGAATTGGCGGGGC,12484902.0
TAAGACAGGGAGTTAGGAATTGGCGGGGCC,12484903.0
AAGACAGGGAGTTAGGAATTGGCGGGGCCC,12484904.0
AATTGGCGGGGCCCCTAACGCTGTTGGGGT,12484920.0
ATTGGCGGGGCCCCTAACGCTGTTGGGGTG,12484921.0
TTGGCGGGGCCCCTAACGCTGTTGGGGTGC,12484922.0
TTTATTTTATTTGCAGCTGTCGTCTGGTGA,12484956.0
GTCGTCTGGTGAGCGCTTTCCACGTGGTAG,12484974.0
TTTAATCCTGACAACAACTTTCAAAGGCTG,12485038.0
ATCCTGACAACAACTTTCAAAGGCTGGTCA,12485042.0
TCAAAGGCTGGTCATCTGTTTATATGGCTT,12485058.0
CATCTGTTTATATGGCTTATTCTCAGGTTC,12485070.0
CTAACTTGAAAGCTCCCCAGAGGCAGGATT,12485099.0
CCCTAAGCCCAGGAGGTGCGCAGATGGAGC,12485157.0
GCAGATGGAGCTTGAAGCGTGTTTTGGTTG,12485176.0
ATGGAGCTTGAAGCGTGTTTTGGTTGGGAG,12485180.0
TGGAGCTTGAAGCGTGTTTTGGTTGGGAGA,12485181.0
TTGAAGCGTGTTTTGGTTGGGAGAAGGTGA,12485187.0
GGTTGGGAGAAGGTGAGATTTGCTGGGTAG,12485201.0
GGGAGAAGGTGAGATTTGCTGGGTAGGAGG,12485205.0
AGAAGGTGAGATTTGCTGGGTAGGAGGTTT,12485208.0
TGCTGGGTAGGAGGTTTTTTAACCAGGTTT,12485221.0
GGAGGTTTTTTAACCAGGTTTGTTTGGCAC,12485230.0
CCAGGTTTGTTTGGCACCTAGTCCAGGAAG,12485243.0
GTTTGTTTGGCACCTAGTCCAGGAAGGTTG,12485247.0
GTTTGGCACCTAGTCCAGGAAGGTTGGAAA,12485251.0
AATAGACATTTACCATCACCTAAGAGGTGT,12485317.0
AAGAGGTGTTAGCCTGTGTGCTCGAGGGAA,12485338.0
AGAGGTGTTAGCCTGTGTGCTCGAGGGAAG,12485339.0
ATAGAAAGTAAGAATATGCAGCTCTGGAGT,12485393.0
GTAAGAATATGCAGCTCTGGAGTCAGGTTG,12485400.0
TGCAGCTCTGGAGTCAGGTTGCGCAGGTTG,12485409.0
GCTCTGGAGTCAGGTTGCGCAGGTTGGGGA,12485413.0
CTCTGGAGTCAGGTTGCGCAGGTTGGGGAA,12485414.0
TCTGGAGTCAGGTTGCGCAGGTTGGGGAAA,12485415.0
GTAAAGATTTCTCAGGGGTGCGCCCGGCCC,12485451.0
GAAATAAAAATAGTCTTTACCTCCGGGGGC,12485511.0
AAATAAAAATAGTCTTTACCTCCGGGGGCT,12485512.0
AATAAAAATAGTCTTTACCTCCGGGGGCTA,12485513.0
